title,rating,rating_count,director,actors
肖申克的救赎 / 月黑高飞(港)  /  刺激1995(台),9.7,3156737人评价,弗兰克·德拉邦特 Frank Darabont   主演: 蒂姆·罗宾斯 Tim Robbins /... 1994 / 美国 / 犯罪 剧情,
霸王别姬 / 再见，我的妾  /  Farewell My Concubine,9.6,2330569人评价,陈凯歌 Kaige Chen   主演: 张国荣 Leslie Cheung / 张丰毅 Fengyi Zha... 1993 / 中国大陆 中国香港 / 剧情 爱情 同性,
泰坦尼克号 / 铁达尼号(港 / 台),9.5,2394462人评价,詹姆斯·卡梅隆 James Cameron   主演: 莱昂纳多·迪卡普里奥 Leonardo... 1997 / 美国 墨西哥 / 剧情 爱情 灾难,
阿甘正传 / 福雷斯特·冈普,9.5,2345980人评价,罗伯特·泽米吉斯 Robert Zemeckis   主演: 汤姆·汉克斯 Tom Hanks / ... 1994 / 美国 / 剧情 爱情,
千与千寻 / 神隐少女(台)  /  千与千寻的神隐,9.4,2438225人评价,宫崎骏 Hayao Miyazaki   主演: 柊瑠美 Rumi Hîragi / 入野自由 Miy... 2001 / 日本 / 剧情 动画 奇幻,
美丽人生 / 一个快乐的传说(港)  /  Life Is Beautiful,9.5,1430701人评价,罗伯托·贝尼尼 Roberto Benigni   主演: 罗伯托·贝尼尼 Roberto Beni... 1997 / 意大利 / 剧情 喜剧 爱情 战争,
这个杀手不太冷 / 终极追杀令(台)  /  杀手莱昂,9.4,2476646人评价,吕克·贝松 Luc Besson   主演: 让·雷诺 Jean Reno / 娜塔莉·波特曼 ... 1994 / 法国 美国 / 剧情 动作 犯罪,
星际穿越 / 星际启示录(港)  /  星际效应(台),9.4,2070203人评价,克里斯托弗·诺兰 Christopher Nolan   主演: 马修·麦康纳 Matthew Mc... 2014 / 美国 英国 加拿大 / 剧情 科幻 冒险,
盗梦空间 / 潜行凶间(港)  /  全面启动(台),9.4,2241684人评价,克里斯托弗·诺兰 Christopher Nolan   主演: 莱昂纳多·迪卡普里奥 Le... 2010 / 美国 英国 / 剧情 科幻 悬疑 冒险,
楚门的世界 / 真人Show(港)  /  真人戏,9.4,1923138人评价,彼得·威尔 Peter Weir   主演: 金·凯瑞 Jim Carrey / 劳拉·琳妮 Lau... 1998 / 美国 / 剧情 科幻,
辛德勒的名单 / 舒特拉的名单(港)  /  辛德勒名单,9.5,1207783人评价,史蒂文·斯皮尔伯格 Steven Spielberg   主演: 连姆·尼森 Liam Neeson... 1993 / 美国 / 剧情 历史 战争,
忠犬八公的故事 / 秋田犬八千(港)  /  忠犬小八(台),9.4,1495185人评价,莱塞·霍尔斯道姆 Lasse Hallström   主演: 理查·基尔 Richard Ger... 2009 / 美国 英国 / 剧情,
海上钢琴师 / 声光伴我飞(港)  /  一九零零的传奇,9.3,1817729人评价,朱塞佩·托纳多雷 Giuseppe Tornatore   主演: 蒂姆·罗斯 Tim Roth / ... 1998 / 意大利 / 剧情 音乐,
三傻大闹宝莱坞 / 三个傻瓜(台)  /  作死不离3兄弟(港),9.2,2006158人评价,拉库马·希拉尼 Rajkumar Hirani   主演: 阿米尔·汗 Aamir Khan / 卡... 2009 / 印度 / 剧情 喜剧 爱情 歌舞,
疯狂动物城 / 优兽大都会(港)  /  动物方城市(台),9.2,2155289人评价,拜伦·霍华德 Byron Howard / 瑞奇·摩尔 Rich Moore   主演: 金妮弗·... 2016 / 美国 / 喜剧 动画 冒险,
放牛班的春天 / 歌声伴我心(港)  /  唱诗班男孩,9.3,1423436人评价,克里斯托夫·巴拉蒂 Christophe Barratier   主演: 让-巴蒂斯特·莫尼... 2004 / 法国 瑞士 德国 / 剧情 音乐,
机器人总动员 / 太空奇兵·威E(港)  /  瓦力(台),9.3,1430717人评价,安德鲁·斯坦顿 Andrew Stanton   主演: 本·贝尔特 Ben Burtt / 艾丽... 2008 / 美国 / 科幻 动画 冒险,
无间道 / Infernal Affairs  /  Mou gaan dou,9.3,1501433人评价,刘伟强 / 麦兆辉   主演: 刘德华 Andy Lau / 梁朝伟 Tony Leung Chiu W... 2002 / 中国香港 / 剧情 犯罪 惊悚,
控方证人 / 雄才伟略  /  情妇,9.6,664882人评价,比利·怀尔德 Billy Wilder   主演: 泰隆·鲍华 Tyrone Power / 玛琳·... 1957 / 美国 / 剧情 犯罪 悬疑 惊悚,
大话西游之大圣娶亲 / 西游记完结篇仙履奇缘  /  齐天大圣西游记,9.2,1653315人评价,刘镇伟 Jeffrey Lau   主演: 周星驰 Stephen Chow / 吴孟达 Man Tat Ng... 1995 / 中国香港 中国大陆 / 喜剧 爱情 奇幻 古装,
熔炉 / 无声呐喊(港)  /  漩涡,9.3,1004788人评价,黄东赫 Dong-hyuk Hwang   主演: 孔侑 Yoo Gong / 郑有美 Yu-mi Jung /... 2011 / 韩国 / 剧情,
触不可及 / 闪亮人生(港)  /  逆转人生(台),9.3,1239720人评价,奥利维·那卡什 Olivier Nakache / 艾力克·托兰达 Eric Toledano   主... 2011 / 法国 / 剧情 喜剧,
教父 / Mario Puzo's The Godfather,9.3,1060565人评价,弗朗西斯·福特·科波拉 Francis Ford Coppola   主演: 马龙·白兰度 M... 1972 / 美国 / 剧情 犯罪,
寻梦环游记 / 玩转极乐园(港)  /  可可夜总会(台),9.1,1879473人评价,李·昂克里奇 Lee Unkrich / 阿德里安·莫利纳 Adrian Molina   主演: ... 2017 / 美国 / 喜剧 动画 奇幻 音乐,
当幸福来敲门 / 寻找快乐的故事(港)  /  追求快乐,9.1,1635259人评价,加布里尔·穆奇诺 Gabriele Muccino   主演: 威尔·史密斯 Will Smith ... 2006 / 美国 / 剧情 传记 家庭,
末代皇帝 / 末代皇帝溥仪(港)  /  L'ultimo imperatore,9.3,983911人评价,贝纳尔多·贝托鲁奇 Bernardo Bertolucci   主演: 尊龙 John Lone / 陈... 1987 / 英国 意大利 中国大陆 法国 / 剧情 传记 历史,
哈利·波特与魔法石 / 哈利波特1：神秘的魔法石(港 / 台),9.2,1354500人评价,Chris Columbus   主演: Daniel Radcliffe / Emma Watson / Rupert Grint 2001 / 美国 英国 / 奇幻 冒险,
龙猫 / 邻居托托罗  /  邻家的豆豆龙,9.2,1365537人评价,宫崎骏 Hayao Miyazaki   主演: 日高法子 Noriko Hidaka / 坂本千夏 Ch... 1988 / 日本 / 动画 奇幻 冒险,
怦然心动 / 萌动青春  /  青春萌动,9.1,1981929人评价,罗伯·莱纳 Rob Reiner   主演: 玛德琳·卡罗尔 Madeline Carroll / 卡... 2010 / 美国 / 剧情 喜剧 爱情,
活着 / 人生  /  Lifetimes,9.3,932305人评价,张艺谋 Yimou Zhang   主演: 葛优 You Ge / 巩俐 Li Gong / 姜武 Wu Jiang 1994 / 中国大陆 中国香港 / 剧情 历史 家庭,
蝙蝠侠：黑暗骑士 / 蝙蝠侠前传2：黑暗骑士  /  黑暗骑士(台),9.2,1152181人评价,克里斯托弗·诺兰 Christopher Nolan   主演: 克里斯蒂安·贝尔 Christ... 2008 / 美国 英国 / 剧情 动作 科幻 犯罪 惊悚,
指环王3：王者无敌 / 魔戒三部曲：王者再临(台 / 港),9.3,876344人评价,彼得·杰克逊 Peter Jackson   主演: 伊利亚·伍德 Elijah Wood / 西恩... 2003 / 美国 新西兰 / 剧情 动作 奇幻 冒险,
我不是药神 / 中国药神  /  印度药神,9.0,2277283人评价,文牧野 Muye Wen   主演: 徐峥 Zheng Xu / 王传君 Chuanjun Wang / 周... 2018 / 中国大陆 / 剧情 喜剧,
乱世佳人 / 飘,9.3,758341人评价,维克多·弗莱明 Victor Fleming / 乔治·库克 George Cukor   主演: 费... 1939 / 美国 / 剧情 历史 爱情 战争,
飞屋环游记 / 冲天救兵(港)  /  天外奇迹(台),9.1,1442677人评价,彼特·道格特 Pete Docter / 鲍勃·彼德森 Bob Peterson   主演: 爱德... 2009 / 美国 / 剧情 喜剧 动画 冒险,
让子弹飞 / 让子弹飞一会儿  /  火烧云,9.0,1852714人评价,姜文 Wen Jiang   主演: 姜文 Wen Jiang / 葛优 You Ge / 周润发 Yun-F... 2010 / 中国大陆 中国香港 / 剧情 喜剧 动作 西部,
哈尔的移动城堡 / 哈尔移动城堡(港)  /  霍尔的移动城堡(台),9.1,1225202人评价,宫崎骏 Hayao Miyazaki   主演: 倍赏千惠子 Chieko Baishô / 木村拓... 2004 / 日本 / 爱情 动画 奇幻 冒险,
素媛 / 许愿  /  希望：为爱重生(台),9.3,749335人评价,李濬益 Jun-ik Lee   主演: 薛景求 Kyung-gu Sol / 严志媛 Ji-won Uhm ... 2013 / 韩国 / 剧情,
十二怒汉 / 12怒汉  /  十二怒汉,9.4,551033人评价,Sidney Lumet   主演: 亨利·方达 Henry Fonda / 马丁·鲍尔萨姆 Marti... 1957 / 美国 / 剧情,
海蒂和爷爷 / 飘零燕(港)  /  海蒂,9.3,727918人评价,阿兰·葛斯彭纳 Alain Gsponer   主演: 阿努克·斯特芬 Anuk Steffen /... 2015 / 德国 瑞士 / 剧情 冒险 家庭,
猫鼠游戏 / 逍遥法外  /  捉智双雄(港),9.1,1151760人评价,史蒂文·斯皮尔伯格 Steven Spielberg   主演: 莱昂纳多·迪卡普里奥 L... 2002 / 美国 加拿大 / 传记 犯罪 剧情,
天空之城 / 天空之城拉普他  /  空中城堡拉普他,9.2,969677人评价,宫崎骏 Hayao Miyazaki   主演: 田中真弓 Mayumi Tanaka / 横泽启子 Ke... 1986 / 日本 / 动画 奇幻 冒险,
摔跤吧！爸爸 / 我和我的冠军女儿(台)  /  打死不离3父女(港),9.0,1689490人评价,涅提·蒂瓦里 Nitesh Tiwari   主演: 阿米尔·汗 Aamir Khan / 法缇玛... 2016 / 印度 / 剧情 传记 运动 家庭,
鬼子来了 / Devils on the Doorstep,9.3,686472人评价,姜文 Wen Jiang   主演: 姜文 Wen Jiang / 香川照之 Teruyuki Kagawa /... 2000 / 中国大陆 / 剧情 喜剧,
少年派的奇幻漂流 / 少年Pi的奇幻漂流  /  漂流少年Pi,9.1,1445888人评价,李安 Ang Lee   主演: 苏拉·沙玛 Suraj Sharma / 伊尔凡·可汗 Irrfan... 2012 / 美国 中国台湾 英国 加拿大 / 剧情 奇幻 冒险,
钢琴家 / 钢琴战曲(港)  /  战地琴人(台),9.3,716650人评价,罗曼·波兰斯基 Roman Polanski   主演: 艾德里安·布洛迪 Adrien Brod... 2002 / 英国 法国 波兰 德国 美国 / 剧情 传记 战争 音乐,
指环王2：双塔奇兵 / 魔戒二部曲：双城奇谋  /  指环王II：双塔,9.2,824418人评价,彼得·杰克逊 Peter Jackson   主演: 伊利亚·伍德 Elijah Wood / 西恩... 2002 / 美国 新西兰 / 剧情 动作 奇幻 冒险,
大话西游之月光宝盒 / 西游记101回月光宝盒  /  齐天大圣东游记,9.0,1317761人评价,刘镇伟 Jeffrey Lau   主演: 周星驰 Stephen Chow / 吴孟达 Man Tat Ng... 1995 / 中国香港 中国大陆 / 喜剧 爱情 奇幻 古装,
死亡诗社 / 暴雨骄阳(港)  /  春风化雨(台),9.2,830260人评价,彼得·威尔 Peter Weir   主演: 罗宾·威廉姆斯 Robin Williams / 罗伯... 1989 / 美国 / 剧情,
何以为家 / 迦百农  /  星仔打官司(港),9.1,1129753人评价,娜丁·拉巴基 Nadine Labaki   主演: 扎因·拉费阿 Zain al-Rafeea / ... 2018 / 黎巴嫩 美国 法国 塞浦路斯 卡塔尔 英国 / 剧情,
闻香识女人 / 女人香  /  女人的芳香,9.1,982974人评价,马丁·布莱斯 Martin Brest   主演: 阿尔·帕西诺 Al Pacino / 克里斯... 1992 / 美国 / 剧情,
绿皮书 / 绿簿旅友(港)  /  幸福绿皮书(台),8.9,1815663人评价,彼得·法雷里 Peter Farrelly   主演: 维果·莫腾森 Viggo Mortensen /... 2018 / 美国 中国大陆 / 剧情 喜剧 传记 音乐,
大闹天宫 / 大闹天宫 上下集  /  The Monkey King,9.4,487609人评价,万籁鸣 Laiming Wan   主演: 邱岳峰 Yuefeng Qiu / 富润生 Runsheng Fu... 1961(中国大陆) / 1964(中国大陆) / 1978(中国大陆) / 中国大陆 / 剧情 动画 奇幻 古装,
黑客帝国 / 22世纪杀人网络(港)  /  廿二世纪杀人网络(港),9.1,912286人评价,安迪·沃卓斯基 Andy Wachowski / 拉娜·沃卓斯基 Lana Wachowski   主... 1999 / 美国 / 动作 科幻,
罗马假日 / 金枝玉叶(港)  /  罗马假期(台),9.1,1016318人评价,威廉·惠勒 William Wyler   主演: 奥黛丽·赫本 Audrey Hepburn / 格... 1953 / 美国 / 喜剧 剧情 爱情,
指环王1：护戒使者 / 指环王1：魔戒再现  /  指环王I：护戒使者,9.1,924022人评价,彼得·杰克逊 Peter Jackson   主演: 伊利亚·伍德 Elijah Wood / 西恩... 2001 / 新西兰 美国 / 剧情 动作 奇幻 冒险,
教父2 / 教父续集(港)  /  教父II,9.3,610484人评价,弗朗西斯·福特·科波拉 Francis Ford Coppola   主演: 阿尔·帕西诺 A... 1974 / 美国 / 剧情 犯罪,
狮子王 / 狮子王3D,9.1,925000人评价,Roger Allers / 罗伯·明可夫 Rob Minkoff   主演: 乔纳森·泰勒·托马... 1994 / 美国 / 动画 冒险 歌舞,
天堂电影院 / 星光伴我心(港)  /  新天堂乐园(台),9.2,721134人评价,朱塞佩·托纳多雷 Giuseppe Tornatore   主演: 菲利普·努瓦雷 Philipp... 1988 / 意大利 法国 / 剧情 爱情,
饮食男女 / Eat Drink Man Woman,9.2,687879人评价,李安 Ang Lee   主演: 郎雄 Sihung Lung / 杨贵媚 Kuei-Mei Yang / 吴... 1994 / 中国台湾 美国 / 剧情 家庭,
辩护人 / 逆权大状(港)  /  正义辩护人(台),9.2,639650人评价,杨宇硕 Woo-seok Yang   主演: 宋康昊 Kang-ho Song / 金英爱 Yeong-ae... 2013 / 韩国 / 剧情,
搏击俱乐部 / 搏击会(港)  /  斗阵俱乐部(台),9.0,928313人评价,大卫·芬奇 David Fincher   主演: 爱德华·诺顿 Edward Norton / 布拉... 1999 / 美国 / 剧情 动作 悬疑 惊悚,
本杰明·巴顿奇事 / 奇幻逆缘(港)  /  班杰明的奇幻旅程(台),9.0,1066307人评价,大卫·芬奇 David Fincher   主演: 凯特·布兰切特 Cate Blanchett / ... 2008 / 美国 / 剧情 爱情 奇幻,
美丽心灵 / 有你终生美丽(港)  /  美丽境界(台),9.1,829456人评价,朗·霍华德 Ron Howard   主演: 罗素·克劳 Russell Crowe / 艾德·哈... 2001 / 美国 / 传记 剧情,
穿条纹睡衣的男孩 / 穿条纹衣服的男孩  /  穿条纹衣的男孩,9.2,619701人评价,马克·赫尔曼 Mark Herman   主演: 阿萨·巴特菲尔德 Asa Butterfield ... 2008 / 英国 美国 / 剧情 战争,
情书 / When I Close My Eyes  /  Letters of Love,8.9,1249203人评价,岩井俊二 Shunji Iwai   主演: 中山美穗 Miho Nakayama / 丰川悦司 Ets... 1995 / 日本 / 剧情 爱情,
窃听风暴 / 窃听者(港)  /  他人的生活,9.2,613036人评价,弗洛里安·亨克尔·冯·多纳斯马尔克 Florian Henckel von Donnersmarck  &n... 2006 / 德国 / 剧情 悬疑,
两杆大烟枪 / 够姜四小强(港)  /  两根枪管(台),9.1,651403人评价,盖·里奇 Guy Ritchie   主演: 杰森·弗莱明 Jason Flemyng / 德克斯特... 1998 / 英国 / 剧情 喜剧 犯罪,
哈利·波特与死亡圣器(下) / 哈利波特7：死神的圣物2(港 / 台),9.0,931668人评价,大卫·叶茨 David Yates   主演: 丹尼尔·雷德克里夫 Daniel Radcliffe... 2011 / 美国 英国 / 奇幻 冒险,
音乐之声 / 仙乐飘飘处处闻(港)  /  真善美(台),9.1,659046人评价,罗伯特·怀斯 Robert Wise   主演: 朱莉·安德鲁斯 Julie Andrews / 克... 1965 / 美国 / 剧情 传记 爱情 歌舞,
西西里的美丽传说 / 真爱伴我行(台)  /  玛莲娜,8.9,1059422人评价,朱塞佩·托纳多雷 Giuseppe Tornatore   主演: 莫妮卡·贝鲁奇 Monica ... 2000 / 意大利 美国 / 剧情 战争 情色,
阿凡达 /,8.8,1526742人评价,詹姆斯·卡梅隆 James Cameron   主演: 萨姆·沃辛顿 Sam Worthington ... 2009 / 美国 / 动作 科幻 冒险,
功夫 / 功夫3D  /  Kung Fu Hustle,8.9,1274001人评价,周星驰 Stephen Chow   主演: 周星驰 Stephen Chow / 元秋 Qiu Yuen / ... 2004 / 中国大陆 中国香港 / 动作 喜剧 犯罪 奇幻,
看不见的客人 / 死无对证(港)  /  布局(台),8.8,1390275人评价,奥里奥尔·保罗 Oriol Paulo   主演: 马里奥·卡萨斯 Mario Casas / 阿... 2016 / 西班牙 / 剧情 犯罪 悬疑 惊悚,
哈利·波特与阿兹卡班的囚徒 / 哈利波特3：阿兹卡班的逃犯(港 / 台),9.0,848501人评价,阿方索·卡隆 Alfonso Cuarón   主演: 丹尼尔·雷德克里夫 Daniel Rad... 2004 / 英国 美国 / 奇幻 冒险,
拯救大兵瑞恩 / 雷霆救兵(港)  /  抢救雷恩大兵(台),9.1,700344人评价,史蒂文·斯皮尔伯格 Steven Spielberg   主演: 汤姆·汉克斯 Tom Hanks... 1998 / 美国 / 剧情 战争,
小鞋子 / 天堂的孩子  /  小童鞋,9.2,447281人评价,马基德·马基迪 Majid Majidi   主演: 默罕默德·阿米尔·纳吉 Mohamma... 1997 / 伊朗 / 剧情 儿童 家庭,
沉默的羔羊 / 沉默的羔羊,8.9,977965人评价,乔纳森·戴米 Jonathan Demme   主演: 朱迪·福斯特 Jodie Foster / 安... 1991 / 美国 / 剧情 犯罪 惊悚,
飞越疯人院 / 飞越杜鹃窝(台)  /  飞越喜鹊巢,9.1,586045人评价,米洛斯·福尔曼 Miloš Forman   主演: 杰克·尼科尔森 Jack Nichols... 1975 / 美国 / 剧情,
布达佩斯大饭店 / 布达佩斯大酒店(港)  /  欢迎来到布达佩斯大饭店(台),8.9,1041785人评价,韦斯·安德森 Wes Anderson   主演: 拉尔夫·费因斯 Ralph Fiennes / ... 2014 / 美国 德国 英国 / 剧情 喜剧 冒险,
蝴蝶效应 / 蝴蝶效应,8.9,1026752人评价,埃里克·布雷斯 Eric Bress / J·麦基·格鲁伯 J. Mackye Gruber   主... 2004 / 美国 加拿大 / 剧情 悬疑 科幻 惊悚,
禁闭岛 / 不赦岛(港)  /  隔离岛(台),8.9,1071415人评价,Martin Scorsese   主演: 莱昂纳多·迪卡普里奥 Leonardo DiCaprio / ... 2010 / 美国 / 剧情 悬疑 惊悚,
致命魔术 / 死亡魔法(港)  /  顶尖对决(台),8.9,933194人评价,克里斯托弗·诺兰 Christopher Nolan   主演: 休·杰克曼 Hugh Jackman... 2006 / 英国 美国 / 剧情 悬疑 惊悚,
心灵捕手 / 骄阳似我(港)  /  心灵捕手,9.0,787639人评价,格斯·范·桑特 Gus Van Sant   主演: 马特·达蒙 Matt Damon / 罗宾·... 1997 / 美国 / 剧情,
低俗小说 / 危险人物(港)  /  黑色追缉令(台),8.9,920745人评价,昆汀·塔伦蒂诺 Quentin Tarantino   主演: 约翰·特拉沃尔塔 John Tra... 1994 / 美国 / 剧情 喜剧 犯罪,
超脱 / 人间师格(台),9.0,689720人评价,托尼·凯耶 Tony Kaye   主演: 艾德里安·布洛迪 Adrien Brody / 马西... 2011 / 美国 / 剧情,
哈利·波特与密室 / 哈利波特2：消失的密室(港 / 台),8.9,874156人评价,Chris Columbus   主演: 丹尼尔·雷德克里夫 Daniel Radcliffe / 艾玛... 2002 / 英国 美国 / 奇幻 冒险,
摩登时代 / The Masses  /  Les Temps modernes,9.3,332417人评价,查理·卓别林 Charles Chaplin   主演: 查理·卓别林 Charles Chaplin ... 1936 / 美国 / 剧情 喜剧 爱情,
喜剧之王 / King of Comedy,8.8,1054146人评价,周星驰 Stephen Chow / 李力持 Lik-Chi Lee   主演: 周星驰 Stephen Ch... 1999 / 中国香港 / 喜剧 剧情 爱情,
致命ID / 杀人游戏  /  致命身份,8.9,909925人评价,詹姆斯·曼高德 James Mangold   主演: 约翰·库萨克 John Cusack / 雷... 2003 / 美国 / 剧情 悬疑 惊悚,
杀人回忆 / 谋杀回忆  /  杀手回忆录,8.9,800478人评价,奉俊昊 Joon-ho Bong   主演: 宋康昊 Kang-ho Song / 金相庆 Sang-kyun... 2003 / 韩国 / 剧情 动作 犯罪 悬疑 惊悚,
春光乍泄 / 一起快乐  /  Happy Together,9.0,687420人评价,王家卫 Kar Wai Wong   主演: 张国荣 Leslie Cheung / 梁朝伟 Tony Leu... 1997 / 中国香港 日本 韩国 / 剧情 爱情 同性,
海豚湾 / 血色海湾(台)  /  海湾,9.3,375040人评价,路易·西霍尤斯 Louie Psihoyos   主演: 路易·西霍尤斯 Louie Psihoyo... 2009 / 美国 / 纪录片,
一一 / Yi yi  /  Yi yi: A One and a Two,9.1,464558人评价,杨德昌 Edward Yang   主演: 吴念真 / 李凯莉 Kelly Lee / 金燕玲 Elai... 2000 / 中国台湾 日本 / 剧情 爱情 家庭,
美国往事 / 四海兄弟(台)  /  义薄云天(港),9.1,453851人评价,赛尔乔·莱翁内 Sergio Leone   主演: 罗伯特·德尼罗 Robert De Niro ... 1984 / 美国 意大利 / 犯罪 剧情,
加勒比海盗 / 加勒比海盗1：黑珍珠号的诅咒  /  神鬼奇航：鬼盗船魔咒(台),8.8,934409人评价,戈尔·维宾斯基 Gore Verbinski   主演: 约翰尼·德普 Johnny Depp / ... 2003 / 美国 / 动作 冒险 奇幻,
红辣椒 / 盗梦侦探(港 / 台),9.0,538217人评价,今敏 Satoshi Kon   主演: 林原惠美 Megumi Hayashibara / 江守彻 Toru... 2006 / 日本 / 动画 悬疑 科幻 惊悚,
七宗罪 / 火线追缉令(台)  /  7宗罪,8.8,1019873人评价,大卫·芬奇 David Fincher   主演: 摩根·弗里曼 Morgan Freeman / 布... 1995 / 美国 / 剧情 犯罪 悬疑 惊悚,
唐伯虎点秋香 / Flirting Scholar,8.7,1180974人评价,李力持 Lik-Chi Lee   主演: 周星驰 Stephen Chow / 巩俐 Li Gong / 陈... 1993 / 中国香港 / 喜剧 爱情 古装,
狩猎 / 诬网(港)  /  谎言的烙印(台),9.1,445816人评价,托马斯·温特伯格 Thomas Vinterberg   主演: 麦斯·米科尔森 Mads Mik... 2012 / 丹麦 瑞典 / 剧情,
还有明天 / 明天还有梦(港)  /  我们还有明天(台),9.4,263539人评价,宝拉·柯特莱西 Paola Cortellesi   主演: 宝拉·柯特莱西 Paola Corte... 2023 / 意大利 / 剧情 喜剧 历史,
甜蜜蜜 / Comrades: Almost a Love Story,8.9,639281人评价,陈可辛 Peter Chan   主演: 黎明 Leon Lai / 张曼玉 Maggie Cheung / ... 1996 / 中国香港 / 剧情 爱情,
7号房的礼物 / 戆爸的礼物(港)  /  7号囚房的礼物,8.9,603878人评价,李焕庆 Hwan-kyeong Lee   主演: 柳承龙 Seung-yong Ryoo / 朴信惠 Shi... 2013 / 韩国 / 剧情 喜剧 家庭,
蝙蝠侠：黑暗骑士崛起 / 蝙蝠侠前传3：黑暗骑士崛起  /  黑暗骑士：黎明升起(台),8.9,786119人评价,克里斯托弗·诺兰 Christopher Nolan   主演: 克里斯蒂安·贝尔 Christ... 2012 / 美国 英国 / 剧情 动作 科幻 犯罪 惊悚,
寄生虫 / 寄生上流(台)  /  上流寄生族(港),8.8,1493506人评价,奉俊昊 Joon-ho Bong   主演: 宋康昊 Kang-ho Song / 李善均 Seon-gyun... 2019 / 韩国 / 剧情,
天书奇谭 / 天书奇谭4K纪念版  /  The Legend of Sealed Book,9.2,313418人评价,王树忱 Shuchen Wang / 钱运达 Yunda Qian   主演: 丁建华 Jianhua Din... 1983(中国大陆) / 2021 / 中国大陆 / 动画 奇幻,
超能陆战队 / 大英雄联盟(港)  /  大英雄天团(台),8.8,1106848人评价,唐·霍尔 Don Hall / 克里斯·威廉姆斯 Chris Williams   主演: 斯科特... 2014 / 美国 / 喜剧 动作 科幻 动画 冒险,
被嫌弃的松子的一生 / 花样奇缘(港)  /  令人讨厌的松子的一生(台),8.8,753129人评价,中岛哲也 Tetsuya Nakashima   主演: 中谷美纪 Miki Nakatani / 瑛太 E... 2006 / 日本 / 剧情 歌舞,
爱在黎明破晓前 / 情留半天(港)  /  爱在黎明破晓时(台),8.8,762586人评价,理查德·林克莱特 Richard Linklater   主演: 伊桑·霍克 Ethan Hawke ... 1995 / 美国 奥地利 瑞士 / 剧情 爱情,
第六感 / 鬼眼(港)  /  灵异第六感(台),8.9,612721人评价,M·奈特·沙马兰 M. Night Shyamalan   主演: 布鲁斯·威利斯 Bruce Wi... 1999 / 美国 / 剧情 悬疑 惊悚,
重庆森林 / Chungking Express,8.8,890619人评价,王家卫 Kar Wai Wong   主演: 林青霞 Brigitte Lin / 金城武 Takeshi K... 1994 / 中国香港 / 剧情 爱情,
爱在日落黄昏时 / 日落巴黎(港)  /  爱在日落巴黎时(台),8.9,624628人评价,理查德·林克莱特 Richard Linklater   主演: 伊桑·霍克 Ethan Hawke ... 2004 / 美国 法国 / 剧情 爱情,
幽灵公主 / 魔法公主(港)  /  魔法公主(台),8.9,572517人评价,宫崎骏 Hayao Miyazaki   主演: 松田洋治 Yôji Matsuda / 石田百合... 1997 / 日本 / 动画 奇幻 冒险,
入殓师 / 礼仪师之奏鸣曲(港)  /  礼仪师(台),8.9,725389人评价,泷田洋二郎 Yôjirô Takita   主演: 本木雅弘 Masahiro Motoki / ... 2008 / 日本 / 剧情,
剪刀手爱德华 / 幻海奇缘(港)  /  剪刀手爱德华,8.7,1096549人评价,蒂姆·波顿 Tim Burton   主演: 约翰尼·德普 Johnny Depp / 薇诺娜·... 1990 / 美国 / 剧情 爱情 奇幻,
断背山 / 断臂山  /  BBM,8.8,757829人评价,李安 Ang Lee   主演: 希斯·莱杰 Heath Ledger / 杰克·吉伦哈尔 Jake... 2005 / 美国 加拿大 / 剧情 爱情 同性 家庭,
菊次郎的夏天 / 菊次郎之夏  /  Kikujirô no natsu,8.9,652112人评价,北野武 Takeshi Kitano   主演: 北野武 Takeshi Kitano / 关口雄介 Yus... 1999 / 日本 / 剧情 喜剧,
勇敢的心 / 惊世未了缘(港)  /  梅尔吉勃逊之英雄本色(台),8.9,591618人评价,梅尔·吉布森 Mel Gibson   主演: 梅尔·吉布森 Mel Gibson / 苏菲·玛... 1995 / 美国 / 动作 传记 剧情 历史 战争,
未麻的部屋 / 蓝色恐惧(港 / 台),9.1,400842人评价,今敏 Satoshi Kon   主演: 岩男润子 Junko Iwao / 松本梨香 Rica Matsu... 1997 / 日本 / 剧情 犯罪 动画 悬疑 惊悚,
哈利·波特与火焰杯 / 哈利波特4：火杯的考验(港 / 台),8.8,764147人评价,迈克·内威尔 Mike Newell   主演: 丹尼尔·雷德克里夫 Daniel Radclif... 2005 / 英国 美国 / 悬疑 奇幻 冒险,
借东西的小人阿莉埃蒂 / 借物少女艾莉缇(台)  /  借东西的小矮人亚莉亚蒂(港),8.9,605306人评价,米林宏昌 Hiromasa Yonebayashi   主演: 志田未来 Mirai Shida / 神木... 2010 / 日本 / 动画 奇幻 冒险,
茶馆 / The Teahouse,9.6,189293人评价,谢添 Tian Xie   主演: 于是之 Shizhi Yu / 郑榕 Rong Zhen / 蓝天野 T... 1982(中国大陆) / 中国大陆 / 剧情 历史,
头脑特工队 / 玩转脑朋友(港)  /  脑筋急转弯(台),8.8,758062人评价,彼特·道格特 Pete Docter / 罗纳尔多·德尔·卡门 Ronaldo Del Carmen  &nb... 2015 / 美国 / 喜剧 动画 冒险,
时空恋旅人 / 回到最爱的一天(港)  /  真爱每一天(台),8.8,755164人评价,理查德·柯蒂斯 Richard Curtis   主演: 多姆纳尔·格里森 Domhnall Gl... 2013 / 英国 美国 / 喜剧 爱情 奇幻,
消失的爱人 / 失踪的女孩  /  失踪女孩,8.7,1039948人评价,大卫·芬奇 David Fincher   主演: 本·阿弗莱克 Ben Affleck / 罗莎蒙... 2014 / 美国 / 剧情 犯罪 悬疑 惊悚,
倩女幽魂 / 倩女幽魂(87版)  /  倩女幽魂：妖魔道,8.8,811288人评价,程小东 Siu-Tung Ching   主演: 张国荣 Leslie Cheung / 王祖贤 Joey W... 1987 / 中国香港 / 爱情 奇幻 武侠 古装,
无人知晓 / 谁知赤子心(港)  /  无人知晓的夏日清晨(台),9.1,358699人评价,是枝裕和 Hirokazu Koreeda   主演: 柳乐优弥 Yûya Yagira / 北浦爱... 2004 / 日本 / 剧情,
阳光灿烂的日子 / In the Heat of the Sun,8.8,670431人评价,姜文 Wen Jiang   主演: 夏雨 Yu Xia / 宁静 Jing Ning / 陶虹 Hong Tao 1994 / 中国大陆 中国香港 / 剧情 爱情,
完美的世界 / 强盗保镳,9.1,347629人评价,克林特·伊斯特伍德 Clint Eastwood   主演: 凯文·科斯特纳 Kevin Cos... 1993 / 美国 / 剧情 犯罪,
天使爱美丽 / 艾蜜莉的异想世界(台)  /  天使艾米莉,8.7,1001353人评价,让-皮埃尔·热内 Jean-Pierre Jeunet   主演: 奥黛丽·塔图 Audrey Tau... 2001 / 法国 德国 / 剧情 喜剧 爱情,
小森林 夏秋篇 / 小森食光 / 夏秋篇(台),9.0,458871人评价,森淳一 Junichi Mori   主演: 桥本爱 Ai Hashimoto / 三浦贵大 Takahir... 2014 / 日本 / 剧情,
花样年华 / 花样年华导演特别版  /  花样年华4K修复版,8.8,759327人评价,王家卫 Kar Wai Wong   主演: 张曼玉 Maggie Cheung / 梁朝伟 Tony Leu... 2000 / 中国香港 / 剧情 爱情,
驯龙高手 / 驯龙记(港),8.8,824092人评价,迪恩·德布洛斯 Dean DeBlois / 克里斯·桑德斯 Chris Sanders   主演:... 2010 / 美国 / 动画 奇幻 冒险,
新世界 / 暗黑新世界(台)  /  New World,8.9,502762人评价,朴勋政 Hoon-jung Park   主演: 李政宰 Jung-Jae Lee / 崔岷植 Min-sik... 2013 / 韩国 / 剧情 犯罪,
傲慢与偏见 / 傲慢与偏见2005  /  Pride And Prejudice,8.7,886482人评价,乔·怀特 Joe Wright   主演: 凯拉·奈特莉 Keira Knightley / 马修·... 2005 / 法国 英国 美国 / 剧情 爱情,
侧耳倾听 / 心之谷(台)  /  梦幻街少女(港),8.9,504378人评价,近藤喜文 Yoshifumi Kondo   主演: 本名阳子 Youko Honna / 小林桂树 K... 1995 / 日本 / 剧情 爱情 动画,
一个叫欧维的男人决定去死 / 明天别再来敲门(台)  /  想死冇咁易(港),8.9,542170人评价,汉内斯·赫尔姆 Hannes Holm   主演: 罗夫·拉斯加德 Rolf Lassgård... 2015 / 瑞典 / 剧情,
请以你的名字呼唤我 / 以你的名字呼唤我(港 / 台),8.8,794176人评价,卢卡·瓜达尼诺 Luca Guadagnino   主演: 艾米·汉莫 Armie Hammer / ... 2017 / 意大利 法国 巴西 美国 / 剧情 爱情 同性,
怪兽电力公司 / 怪兽公司(港)  /  怪物公司,8.8,741861人评价,彼特·道格特 Pete Docter / 大卫·斯沃曼 David Silverman   主演: 约... 2001 / 美国 / 儿童 喜剧 动画 奇幻 冒险,
玩具总动员3 / 反斗奇兵3(港)  /  玩具的故事3,8.9,569563人评价,李·昂克里奇 Lee Unkrich   主演: 汤姆·汉克斯 Tom Hanks / 蒂姆·艾... 2010 / 美国 / 喜剧 动画 奇幻 冒险,
教父3 / 教父第三集  /  教父 III,9.0,414056人评价,弗朗西斯·福特·科波拉 Francis Ford Coppola   主演: 阿尔·帕西诺 A... 1990 / 美国 / 剧情 犯罪,
幸福终点站 / 机场客运站(港)  /  航站情缘(台),8.8,620423人评价,史蒂文·斯皮尔伯格 Steven Spielberg   主演: 汤姆·汉克斯 Tom Hanks... 2004 / 美国 / 喜剧 剧情 爱情,
色，戒 / 色|戒  /  色·戒,8.7,919024人评价,李安 Ang Lee   主演: 梁朝伟 Tony Leung Chiu Wai / 汤唯 Wei Tang / ... 2007 / 中国台湾 中国大陆 美国 中国香港 / 剧情 爱情 情色,
哪吒闹海 / Prince Nezha's Triumph Against Dragon King  /  Nezha Conquers the Dragon King,9.2,295082人评价,王树忱 Shuchen Wang / 严定宪 Dingxian Yan   主演: 梁正晖 Zhenghui ... 1979 / 中国大陆 / 冒险 动画 奇幻,
小森林 冬春篇 / 小森食光 / 冬春篇(台),9.0,408458人评价,森淳一 Junichi Mori   主演: 桥本爱 Ai Hashimoto / 三浦贵大 Takahir... 2015 / 日本 / 剧情,
被解救的姜戈 / 被解放的姜戈  /  决杀令(台),8.8,665808人评价,昆汀·塔伦蒂诺 Quentin Tarantino   主演: 杰米·福克斯 Jamie Foxx /... 2012 / 美国 / 剧情 动作 西部 冒险,
九品芝麻官 / 九品芝麻官之白面包青天  /  Hail the Judge,8.8,761117人评价,王晶 Jing Wong   主演: 周星驰 Stephen Chow / 吴孟达 Man Tat Ng / ... 1994 / 中国香港 / 剧情 喜剧 古装,
釜山行 / 尸杀列车(港)  /  尸速列车(台),8.6,1306466人评价,延尚昊 Sang-ho Yeon   主演: 孔侑 Yoo Gong / 郑有美 Yu-mi Jung / 马... 2016 / 韩国 / 动作 惊悚 灾难,
神偷奶爸 / 卑鄙的我  /  坏蛋奖门人(港),8.7,1018985人评价,皮艾尔·柯芬 Pierre Coffin / 克里斯·雷纳德 Chris Renaud   主演: ... 2010 / 美国 法国 / 喜剧 动画 冒险,
萤火之森 / 萤火之社  /  Hotarubi no mori e,8.8,589526人评价,大森贵弘 Takahiro Omori   主演: 佐仓绫音 Ayane Sakura / 内山昂辉 K... 2011 / 日本 / 剧情 爱情 动画 奇幻,
告白 / 自白  /  母亲,8.8,720305人评价,中岛哲也 Tetsuya Nakashima   主演: 松隆子 Takako Matsu / 冈田将生 ... 2010 / 日本 / 剧情 悬疑,
喜宴 / The Wedding Banquet,9.0,409047人评价,李安 Ang Lee   主演: 赵文瑄 Winston Chao / 归亚蕾 Ya-lei Kuei / 郎... 1993 / 中国台湾 美国 / 剧情 喜剧 爱情 同性 家庭,
头号玩家 / 玩家一号  /  挑战者1号(港),8.6,1470647人评价,史蒂文·斯皮尔伯格 Steven Spielberg   主演: 泰伊·谢里丹 Tye Sheri... 2018 / 美国 / 动作 科幻 冒险,
玛丽和马克思 / 巧克力情缘(台)  /  同是天涯寂寞客,9.0,447018人评价,亚当·艾略特 Adam Elliot   主演: 托妮·科莱特 Toni Collette / 菲利... 2009 / 澳大利亚 美国 / 剧情 喜剧 动画,
模仿游戏 / 解码游戏(港)  /  模拟游戏,8.8,701766人评价,莫滕·泰杜姆 Morten Tyldum   主演: 本尼迪克特·康伯巴奇 Benedict C... 2014 / 英国 美国 / 剧情 传记 战争 同性,
大鱼 / 大鱼奇缘(港)  /  大智若鱼(台),8.8,609123人评价,蒂姆·波顿 Tim Burton   主演: 伊万·麦克格雷格 Ewan McGregor / 阿... 2003 / 美国 / 剧情 爱情 奇幻 冒险,
七武士 / 七侠四义(港)  /  七剑客(港),9.3,222122人评价,黑泽明 Akira Kurosawa   主演: 三船敏郎 Toshirô Mifune / 志村乔 ... 1954 / 日本 / 动作 冒险 剧情,
惊魂记 / 精神病患者  /  触目惊心(港),9.0,338027人评价,阿尔弗雷德·希区柯克 Alfred Hitchcock   主演: 安东尼·博金斯 Antho... 1960 / 美国 / 悬疑 惊悚 恐怖,
射雕英雄传之东成西就 / 东成西就  /  大英雄 (日本),8.7,696205人评价,刘镇伟 Jeffrey Lau   主演: 梁朝伟 Tony Leung Chiu Wai / 林青霞 Bri... 1993 / 中国香港 / 喜剧 奇幻 武侠 古装,
血战钢锯岭 / 钢锯岭  /  钢铁英雄(台),8.7,836309人评价,梅尔·吉布森 Mel Gibson   主演: 安德鲁·加菲尔德 Andrew Garfield /... 2016 / 澳大利亚 美国 / 剧情 传记 历史 战争,
我是山姆 / 不一样的爸爸(港)  /  他不笨，他是我爸爸(台),9.0,365139人评价,杰茜·尼尔森 Jessie Nelson   主演: Sean Penn / Dakota Fanning / Mi... 2001 / 美国 / 剧情 家庭,
你的名字。 / 你的名字  /  君之名,8.5,1543038人评价,新海诚 Makoto Shinkai   主演: 神木隆之介 Ryûnosuke Kamiki / 上... 2016 / 日本 / 剧情 爱情 动画,
阳光姐妹淘 / 阳光姊妹淘(港)  /  桑尼,8.8,622323人评价,姜炯哲 Hyeong-Cheol Kang   主演: 沈恩京 Eun-kyung Shim / 闵孝琳 Hy... 2011 / 韩国 / 剧情 喜剧,
恐怖直播 / 死亡“动”新闻(港)  /  恐怖攻击直播(台),8.7,707382人评价,金秉祐 Byeong-woo Kim   主演: 河正宇 Jung-woo Ha / 李璟荣 Kyeong-y... 2013 / 韩国 / 剧情 犯罪 悬疑,
黑客帝国3：矩阵革命 / 22世纪杀人网络3：惊变世纪(港)  /  骇客任务完结篇：最后战役(台),8.8,482182人评价,拉娜·沃卓斯基 Lana Wachowski / 莉莉·沃卓斯基 Lilly Wachowski   ... 2003 / 美国 / 动作 科幻,
"背靠背，脸对脸 / 背对背，脸对脸  /  Back to Back, Face to Face",9.5,165812人评价,黄建新 Jianxin Huang / 杨亚洲 Yazhou Yang   主演: 牛振华 Zhenhua N... 1994 / 中国大陆 中国香港 / 剧情,
电锯惊魂 / 恐惧斗室(港)  /  夺魂锯(台),8.7,588755人评价,詹姆斯·温 James Wan   主演: 雷·沃纳尔 Leigh Whannell / 加利·艾... 2004 / 美国 / 悬疑 惊悚 恐怖,
心灵奇旅 / 灵魂奇遇记(港)  /  灵魂急转弯(台),8.7,1092986人评价,彼特·道格特 Pete Docter / 凯普·鲍尔斯 Kemp Powers   主演: 杰米·... 2020 / 美国 / 动画 奇幻 音乐,
三块广告牌 / 广告牌杀人事件(港)  /  意外(台),8.7,891548人评价,马丁·麦克唐纳 Martin McDonagh   主演: 弗兰西斯·麦克多蒙德 France... 2017 / 英国 美国 / 剧情 犯罪,
小丑 / 小丑起源电影：罗密欧  /  Romeo,8.7,1097484人评价,托德·菲利普斯 Todd Phillips   主演: 杰昆·菲尼克斯 Joaquin Phoeni... 2019 / 美国 加拿大 / 剧情 犯罪 惊悚,
达拉斯买家俱乐部 / 续命枭雄(港)  /  药命俱乐部(台),8.8,490552人评价,让-马克·瓦雷 Jean-Marc Vallée   主演: 马修·麦康纳 Matthew McCon... 2013 / 美国 / 剧情 传记 同性,
谍影重重3 / 叛谍追击3：最后通牒(港)  /  神鬼认证：最后通牒 (台),8.9,454017人评价,保罗·格林格拉斯 Paul Greengrass   主演: 马特·达蒙 Matt Damon / ... 2007 / 美国 德国 法国 英国 / 动作 悬疑 惊悚,
疯狂原始人 / 古鲁家族(港 / 台),8.7,897252人评价,科克·德·米科 Kirk De Micco / 克里斯·桑德斯 Chris Sanders   主演... 2013 / 美国 / 喜剧 动画 冒险,
绿里奇迹 / 绿色奇迹(台)  /  绿色英里,8.9,372739人评价,弗兰克·德拉邦特 Frank Darabont   主演: 汤姆·汉克斯 Tom Hanks / ... 1999 / 美国 / 犯罪 剧情 奇幻 悬疑,
无间道2 / 无间道前传  /  Infernal Affairs II,8.8,542314人评价,刘伟强 Andrew Lau / 麦兆辉 Alan Mak   主演: 陈冠希 Edison Chen / ... 2003 / 中国香港 / 剧情 犯罪 惊悚,
爱在午夜降临前 / 情约半生(港)  /  爱在午夜希腊时(台),8.9,451833人评价,理查德·林克莱特 Richard Linklater   主演: 伊桑·霍克 Ethan Hawke ... 2013 / 美国 希腊 / 剧情 爱情,
海街日记 / 海街女孩日记(港)  /  Kamakura Diary,8.8,500292人评价,是枝裕和 Hirokazu Koreeda   主演: 绫濑遥 Haruka Ayase / 长泽雅美 M... 2015 / 日本 / 剧情 家庭,
上帝之城 / 无主之城(港)  /  无法无天(台),9.0,323999人评价,费尔南多·梅里尔斯 Fernando Meirelles / 卡迪亚·兰德 Kátia Lund  &nbsp... 2002 / 巴西 法国 / 犯罪 剧情,
英雄本色 / A Better Tomorrow  /  Gangland Boss,8.6,588358人评价,吴宇森 John Woo   主演: 周润发 Yun-Fat Chow / 狄龙 Lung Ti / 张国... 1986 / 中国香港 / 剧情 动作 犯罪,
风之谷 / 风谷少女  /  Kaze no tani no Naushika,8.9,382141人评价,宫崎骏 Hayao Miyazaki   主演: 岛本须美 Sumi Shimamoto / 松田洋治 Y... 1984 / 日本 / 动画 奇幻 冒险,
疯狂的石头 / Crazy Stone,8.6,896008人评价,宁浩 Hao Ning   主演: 郭涛 Tao Guo / 刘桦 Hua Liu / 连晋 Teddy Lin 2006 / 中国大陆 中国香港 / 喜剧 犯罪,
心迷宫 / 殡棺  /  The Coffin in the Mountain,8.7,589995人评价,忻钰坤 Yukun Xin   主演: 霍卫民 Weimin Huo / 王笑天 Xiaotian Wang ... 2014 / 中国大陆 / 剧情 犯罪 悬疑,
雨中曲 / 万花嬉春(港 / 台),9.1,255729人评价,斯坦利·多南 Stanley Donen / 吉恩·凯利 Gene Kelly   主演: 吉恩·... 1952 / 美国 / 喜剧 歌舞 爱情,
2001太空漫游 / 2001：星际漫游  /  2001：太空奥德赛,8.9,375150人评价,斯坦利·库布里克 Stanley Kubrick   主演: 凯尔·杜拉 Keir Dullea / ... 1968 / 英国 美国 / 科幻 惊悚 冒险,
纵横四海 / Once a Thief,8.8,461307人评价,吴宇森 John Woo   主演: 周润发 Yun-Fat Chow / 张国荣 Leslie Cheung... 1991 / 中国香港 / 剧情 喜剧 动作 犯罪,
记忆碎片 / 凶心人(港)  /  记忆拼图(台),8.7,649895人评价,克里斯托弗·诺兰 Christopher Nolan   主演: 盖·皮尔斯 Guy Pearce /... 2000 / 美国 / 犯罪 剧情 悬疑 惊悚,
卢旺达饭店 / 卢安达饭店(台),8.9,357003人评价,特瑞·乔治 Terry George   主演: 唐·钱德尔 Don Cheadle / 苏菲·奥... 2004 / 英国 南非 意大利 美国 / 剧情 传记 历史 战争,
末路狂花 / 塞尔玛与路易丝  /  末路狂花,9.0,316815人评价,雷德利·斯科特 Ridley Scott   主演: 吉娜·戴维斯 Geena Davis / 苏... 1991 / 美国 英国 法国 / 犯罪 剧情 惊悚,
无敌破坏王 / 破坏王拉尔夫  /  破坏王大冒险,8.7,592302人评价,瑞奇·莫尔 Rich Moore   主演: 约翰·C·赖利 John C. Reilly / 萨拉... 2012 / 美国 / 喜剧 动画 奇幻 冒险,
小偷家族 / Shoplifters  /  Une Affaire de Famille,8.7,874722人评价,是枝裕和 Hirokazu Koreeda   主演: 中川雅也 Lily Franky / 安藤樱 Sa... 2018 / 日本 / 剧情 犯罪 家庭,
高山下的花环 / 卫国军魂(港)  /  Wreaths at the Foot of the Mountain,9.5,138190人评价,谢晋 Jin Xie   主演: 吕晓禾 Xiaohe Lü / 唐国强 Guoqiang Tang / 何... 1984(中国大陆) / 1985 / 中国大陆 / 剧情 战争,
冰川时代 / 冰河世纪  /  冰原历险记,8.6,666256人评价,卡洛斯·沙尔丹哈 Carlos Saldanha / 克里斯·韦奇 Chris Wedge   主演... 2002 / 美国 / 喜剧 动画 冒险,
恐怖游轮 / 汪洋血迷宮(台)  /  轮回三角,8.5,953268人评价,克里斯托弗·史密斯 Christopher Smith   主演: 梅利莎·乔治 Melissa ... 2009 / 英国 澳大利亚 / 剧情 悬疑 惊悚,
东京教父 / Tokyo Godfathers,9.0,273597人评价,今敏 Satoshi Kon   主演: 江守彻 Toru Emori / 梅垣义明 Yoshiaki Ume... 2003 / 日本 / 剧情 喜剧 动画,
牯岭街少年杀人事件 / A Brighter Summer Day,8.9,347382人评价,杨德昌 Edward Yang   主演: 张震 Chen Chang / 杨静怡 Lisa Yang / 张... 1991 / 中国台湾 / 剧情 犯罪,
岁月神偷 / 1969太空漫游  /  Echoes Of The Rainbow,8.7,602564人评价,罗启锐 Alex Law   主演: 吴君如 Sandra Ng / 任达华 Simon Yam / 钟绍... 2010 / 中国香港 中国大陆 / 剧情 家庭,
忠犬八公物语 / 八千公物语  /  阿八的故事,9.2,212084人评价,神山征二郎 Seijirô Kôyama   主演: 仲代达矢 Tatsuya Nakadai /... 1987 / 日本 / 剧情,
魔女宅急便 / 魔女琪琪(台)  /  小魔女限时专送,8.7,505354人评价,宫崎骏 Hayao Miyazaki   主演: 高山南 Minami Takayama / 佐久间玲 Re... 1989 / 日本 / 动画 奇幻 冒险,
荒蛮故事 / 蛮荒故事  /  生命中最抓狂的小事(台),8.8,489611人评价,达米安·斯兹弗隆 Damián Szifron   主演: 达里奥·葛兰帝内提 Darío... 2014 / 阿根廷 西班牙 / 剧情 喜剧 犯罪,
遗愿清单 / 玩转身前事(港)  /  一路玩到挂(台),8.7,515114人评价,罗伯·莱纳 Rob Reiner   主演: 杰克·尼科尔森 Jack Nicholson / 摩根... 2007 / 美国 / 冒险 喜剧 剧情,
大佛普拉斯 / The Great Buddha+,8.7,528707人评价,黄信尧 Hsin-yao Huang   主演: 庄益增 Yizeng Zhuang / 陈竹昇 Chu-sh... 2017 / 中国台湾 / 剧情 喜剧,
贫民窟的百万富翁 / 一百万零一夜(港)  /  贫民百万富翁(台),8.6,790963人评价,丹尼·鲍尔 Danny Boyle / 洛芙琳·坦丹 Loveleen Tandan   主演: 戴夫... 2008 / 英国 / 剧情 爱情,
源代码 / 启动原始码(台)  /  危机解密(港),8.6,898952人评价,邓肯·琼斯 Duncan Jones   主演: 杰克·吉伦哈尔 Jake Gyllenhaal / ... 2011 / 美国 加拿大 / 科幻 悬疑 惊悚,
东邪西毒 / Ashes of Time,8.6,618789人评价,王家卫 Kar Wai Wong   主演: 张国荣 Leslie Cheung / 林青霞 Brigitte... 1994 / 中国香港 中国台湾 / 剧情 动作 爱情 武侠 古装,
你看起来好像很好吃 / 你看起来很好吃(台)  /  你看上去好像很好吃,8.9,362257人评价,藤森雅也 Masaya Fujimori   主演: 山口胜平 Kappei Yamaguchi / 爱河... 2010 / 日本 / 剧情 动画 儿童,
疯狂的麦克斯4：狂暴之路 / 末日先锋：战甲飞车(港)  /  疯狂麦斯：愤怒道(台),8.7,597784人评价,乔治·米勒 George Miller   主演: 汤姆·哈迪 Tom Hardy / 查理兹·塞... 2015 / 澳大利亚 美国 / 动作 科幻 冒险,
芙蓉镇 / Hibiscus Town,9.3,173949人评价,谢晋 Jin Xie   主演: 刘晓庆 Xiaoqing Liu / 姜文 Wen Jiang / 郑在石... 1987 / 中国大陆 / 剧情 爱情,
可可西里 / Kekexili: Mountain Patrol,8.9,333098人评价,陆川 Chuan Lu   主演: 多布杰 Duobujie / 张磊 Lei Zhang / 亓亮 Qi L... 2004 / 中国大陆 中国香港 / 剧情 犯罪,
爆裂鼓手 / 鼓动真我(港)  /  进击的鼓手(台),8.6,665001人评价,达米恩·查泽雷 Damien Chazelle   主演: 迈尔斯·特勒 Miles Teller /... 2014 / 美国 / 剧情 音乐,
城市之光 / City Lights: A Comedy Romance in Pantomime  /  Lichter der Großstadt,9.3,164392人评价,查理·卓别林 Charles Chaplin   主演: 查理·卓别林 Charles Chaplin ... 1931 / 美国 / 喜剧 剧情 爱情,
波西米亚狂想曲 / 波希米亚狂想曲：摇滚传说(港)  /  波希米亚狂想曲(台),8.6,666857人评价,布莱恩·辛格 Bryan Singer   主演: 拉米·马雷克 Rami Malek / 本·哈... 2018 / 英国 美国 / 剧情 传记 同性 音乐,
花束般的恋爱 / 她和他的恋爱花期(港)  /  爱如花束 恋恋不忘,8.6,768495人评价,土井裕泰 Nobuhiro Doi   主演: 菅田将晖 Masaki Suda / 有村架纯 Kasu... 2021 / 日本 / 剧情 爱情,
黑天鹅 / 夺命黑天鹅  /  霸王别鹅(豆友译名),8.6,825816人评价,达伦·阿罗诺夫斯基 Darren Aronofsky   主演: 娜塔莉·波特曼 Natalie... 2010 / 美国 / 剧情 惊悚,
爱乐之城 / 星声梦里人(港)  /  乐来越爱你(台),8.4,1048840人评价,达米恩·查泽雷 Damien Chazelle   主演: 瑞恩·高斯林 Ryan Gosling /... 2016 / 美国 / 剧情 爱情 歌舞,
青蛇 / Green Snake,8.6,573344人评价,徐克 Hark Tsui   主演: 张曼玉 Maggie Cheung / 王祖贤 Joey Wang / ... 1993 / 中国香港 中国大陆 / 剧情 爱情 奇幻 古装,
白日梦想家 / 发梦王大历险(港)  /  白日梦冒险王(台),8.6,600637人评价,本·斯蒂勒 Ben Stiller   主演: 本·斯蒂勒 Ben Stiller / 克里斯汀·... 2013 / 美国 英国 / 剧情 喜剧 冒险,
哈利·波特与死亡圣器(上) / 哈利波特7：死神的圣物1(港 / 台),8.6,665054人评价,大卫·叶茨 David Yates   主演: 丹尼尔·雷德克里夫 Daniel Radcliffe... 2010 / 英国 美国 / 奇幻 冒险,
终结者2：审判日 / 未来战士2(港)  /  魔鬼终结者2(台),8.8,370459人评价,詹姆斯·卡梅隆 James Cameron   主演: 阿诺·施瓦辛格 Arnold Schwarz... 1991 / 美国 法国 / 动作 科幻,
初恋这件小事 / 初恋那件小事(港)  /  暗恋那点小事,8.5,1031408人评价,普特鹏·普罗萨卡·那·萨克那卡林 Puttipong Promsaka Na Sakolnakorn / 华森·波克彭... 2010 / 泰国 / 剧情 喜剧 爱情,
雨人 / 手足情未了(港)  /  手足情深,8.7,432111人评价,巴瑞·莱文森 Barry Levinson   主演: 达斯汀·霍夫曼 Dustin Hoffman ... 1988 / 美国 / 剧情,
无耻混蛋 / 希魔撞正杀人狂(港)  /  恶棍特工(台),8.7,531388人评价,昆汀·塔伦蒂诺 Quentin Tarantino   主演: 布拉德·皮特 Brad Pitt / ... 2009 / 德国 美国 / 剧情 犯罪,
新龙门客栈 / New Dragon Gate Inn,8.7,488725人评价,李惠民 Raymond Lee   主演: 张曼玉 Maggie Cheung / 林青霞 Brigitte ... 1992 / 中国香港 中国大陆 / 动作 爱情 武侠 古装,
人工智能 / AI人工智慧,8.7,485830人评价,史蒂文·斯皮尔伯格 Steven Spielberg   主演: 海利·乔·奥斯蒙 Haley... 2001 / 美国 英国 / 剧情 科幻,
虎口脱险 / 横冲直撞出重围(港)  /  大進擊(台),8.9,284043人评价,杰拉尔·乌里 Gérard Oury   主演: 路易·德·菲耐斯 Louis de Funès... 1966 / 法国 英国 / 喜剧 战争,
真爱至上 / 真的恋爱了(港)  /  爱是您，爱是我(台),8.5,787905人评价,理查德·柯蒂斯 Richard Curtis   主演: 休·格兰特 Hugh Grant / 连姆... 2003 / 英国 美国 法国 / 喜剧 剧情 爱情,
崖上的波妞 / 悬崖上的金鱼姬  /  悬崖上的金鱼公主,8.6,552225人评价,宫崎骏 Hayao Miyazaki   主演: 奈良柚莉爱 Yuria Nara / 土井洋辉 Hir... 2008 / 日本 / 动画 奇幻 冒险,
恋恋笔记本 / 忘了·忘不了(港)  /  手札情缘(台),8.5,727219人评价,尼克·卡索维茨 Nick Cassavetes   主演: 瑞恩·高斯林 Ryan Gosling /... 2004 / 美国 / 剧情 爱情,
千钧一发 / 变种异煞(港)  /  自然人,8.8,332976人评价,安德鲁·尼科尔 Andrew Niccol   主演: 伊桑·霍克 Ethan Hawke / 乌玛... 1997 / 美国 / 剧情 科幻 惊悚,
罗生门 / Rashomon,8.8,345415人评价,黑泽明 Akira Kurosawa   主演: 三船敏郎 Toshirô Mifune / 京町子 ... 1950 / 日本 / 剧情 犯罪 悬疑,
大红灯笼高高挂 / Raise The Red Lantern  /  Épouses et concubines,8.8,343262人评价,张艺谋 Yimou Zhang   主演: 巩俐 Li Gong / 马精武 Jingwu Ma / 何赛... 1991 / 中国大陆 中国香港 中国台湾 / 剧情,
彗星来的那一夜 / 相干性  /  相干效应,8.6,653646人评价,詹姆斯·沃德·布柯特 James Ward Byrkit   主演: 艾米丽·芭尔多尼 Em... 2013 / 美国 英国 / 科幻 悬疑 惊悚,
哈利·波特与凤凰社 / 哈利波特5：凤凰会的密令(港 / 台),8.5,663824人评价,大卫·叶茨 David Yates   主演: 丹尼尔·雷德克里夫 Daniel Radcliffe... 2007 / 英国 美国 / 奇幻 冒险,
海边的曼彻斯特 / 情系海边之城(港),8.6,621855人评价,肯尼斯·罗纳根 Kenneth Lonergan   主演: 卡西·阿弗莱克 Casey Affle... 2016 / 美国 / 剧情 家庭,
机器人之梦 / 再见机器人(台)  /  汪汪梦里人(港),9.1,345664人评价,巴勃罗·贝格尔 Pablo Berger   主演: 伊万·拉班达 Ivan Labanda / 阿... 2023 / 西班牙 法国 / 剧情 动画 音乐,
火星救援 / 火星任务(港)  /  绝地救援(台),8.5,803004人评价,雷德利·斯科特 Ridley Scott   主演: 马特·达蒙 Matt Damon / 杰西卡... 2015 / 英国 美国 匈牙利 约旦 / 剧情 科幻 冒险,
黑客帝国2：重装上阵 / 22世纪杀人网络2：决战未来(港)  /  骇客任务：重装上阵(台),8.7,440579人评价,拉娜·沃卓斯基 Lana Wachowski / 莉莉·沃卓斯基 Lilly Wachowski   ... 2003 / 美国 / 动作 科幻,
萤火虫之墓 / 再见萤火虫(港)  /  萤火挽歌,8.7,429232人评价,高畑勋 Isao Takahata   主演: 辰己努 / 白石绫乃 / 志乃原良子 1988 / 日本 / 动画 剧情 战争,
奇迹男孩 / 奇迹,8.6,586677人评价,斯蒂芬·卓博斯基 Stephen Chbosky   主演: 雅各布·特伦布莱 Jacob Tr... 2017 / 美国 中国香港 / 剧情 儿童 家庭,
战争之王 / 军火之王(台 / 港),8.7,402118人评价,安德鲁·尼科尔 Andrew Niccol   主演: 尼古拉斯·凯奇 Nicolas Cage /... 2005 / 美国 德国 / 剧情 犯罪,
千年女优 / Millennium Actress,8.8,304397人评价,今敏 Satoshi Kon   主演: 庄司美代子 Miyoko Shôji / 小山茉美 Mam... 2001 / 日本 / 动画 剧情 爱情,
步履不停 / 横山家之味(港 / 台),8.8,310282人评价,是枝裕和 Hirokazu Koreeda   主演: 阿部宽 Hiroshi Abe / 夏川结衣 Yu... 2008 / 日本 / 剧情 家庭,
血钻 / 血钻石(台)  /  血腥钻石,8.7,410476人评价,爱德华·兹威克 Edward Zwick   主演: 莱昂纳多·迪卡普里奥 Leonardo ... 2006 / 美国 德国 英国 / 剧情 惊悚 冒险,
谍影重重2 / 叛谍追击2：机密圈套(港)  /  神鬼认证：神鬼疑云(台),8.7,384675人评价,保罗·格林格拉斯 Paul Greengrass   主演: 马特·达蒙 Matt Damon / ... 2004 / 美国 德国 / 动作 悬疑 惊悚,
蜘蛛侠：平行宇宙 / 蜘蛛侠：新纪元  /  蜘蛛人：新宇宙(台),8.6,732403人评价,鲍勃·佩尔西凯蒂 Bob Persichetti / 彼得·拉姆齐 Peter Ramsey   主... 2018 / 美国 / 动作 科幻 动画 冒险,
魂断蓝桥 / 滑铁卢桥  /  断桥残梦,8.8,301296人评价,茂文·勒鲁瓦 Mervyn LeRoy   主演: 费雯·丽 Vivien Leigh / 罗伯特·... 1940 / 美国 / 剧情 爱情 战争,
房间 / 不存在的房间(台)  /  抖室(港),8.8,391631人评价,伦尼·阿伯拉罕森 Lenny Abrahamson   主演: 布丽·拉尔森 Brie Larson... 2015 / 爱尔兰 加拿大 英国 美国 / 剧情 家庭,
冰雪奇缘 / 魔雪奇缘(港)  /  冰雪大冒险,8.5,778930人评价,克里斯·巴克 Chris Buck / 珍妮弗·李 Jennifer Lee   主演: 克里斯汀... 2013 / 美国 / 喜剧 动画 奇幻 歌舞,
隐藏人物 / NASA无名英雌(港)  /  关键少数(台),8.9,255514人评价,特奥多尔·梅尔菲 Theodore Melfi   主演: 塔拉吉·P·汉森 Taraji P. ... 2016 / 美国 / 剧情 传记 历史,
谍影重重 / 叛谍追击(港)  /  神鬼认证(台),8.6,468840人评价,道格·里曼 Doug Liman   主演: 马特·达蒙 Matt Damon / 弗兰卡·波坦... 2002 / 美国 德国 捷克 / 动作 悬疑 惊悚,
弱点 / 守护有心人(港)  /  攻其不备(台),8.7,345123人评价,约翰·李·汉考克 John Lee Hancock   主演: 桑德拉·布洛克 Sandra Bu... 2009 / 美国 / 剧情 家庭 传记 运动,
